1,Hoang Duy,06/11/2000,Nam,191794672,0911833574,hoangduy@gmail.com,Diamond,Hue
3,Pham Anh,06/11/1990,Nu,191794892,0911833897,hoanganh@gmail.com,Silver,Ha Noi
2,Quang Vu,06/11/1895,Nam,191794267,0911833900,hoangvu@gmail.com,Gold,Quang tri
4,Huu Huy,08/12/1990,Nam,191794567,0911833542,huy.hung@gmail.com,Gold,Quang Binh
5,Thuc Trinh,06/13/2000,Nu,191794532,0911835235,Tring.thuc@gmail.com,Silver,Quang Nam
15,Quoc Anh,09/02/2001,Nam,191795234,0911899672,Anh.quoc@gmail.com,Diamond,Ha Noi
6,Van Vu,09/10/1993,Nam,191786542,091189934,Vu.van@gmail.com,Silver,Hue
7,Chau Khuong,09/02/1876,Nam,1917863423,0911899567,chau.khuong@hbcr.vn,Gold,Dong Thap
8,Tien Truong,08/11/1995,Nam,191786543,0911624344,Tien.truong@gmail.com,Dinamond,Quang Tri
